myID,psychopathy
701.0,3.0871964433665227
635.0,2.790762919982971
337.0,3.107432898381753
1559.0,2.6590101001184756
1823.0,2.8180110501884172
773.0,2.9044091711465176
2207.0,2.933496496895393
2509.0,3.1853851193517584
1350.0,2.4358974358934824
541.0,2.386666666281599
1979.0,2.609195402692045
596.0,2.5238095236734646
1903.0,3.499723566805345
331.0,3.0191614079691513
2131.0,2.705485161010725
2575.0,3.3491552494008445
2645.0,2.636917810560883
1434.0,2.6666666669233026
1267.0,4.019259259253332
1567.0,3.0431740171966872
2436.0,3.422740173816706
2243.0,2.942658894549356
244.0,2.5938697316195127
1285.0,2.5238095236734646
553.0,2.4979423867983632
1338.0,2.777730120032486
563.0,3.5002674902097275
2505.0,2.386666666281599
251.0,2.599999999760002
1444.0,2.5476455025359597
1867.0,2.6368092390997075
2752.0,2.547619047507652
615.0,2.8314834622434266
96.0,2.6592592596089073
1421.0,3.333065091826265
1449.0,2.9019635510147794
972.0,2.931928352895089
2861.0,2.6666666668845753
2340.0,2.994713181794374
960.0,2.7709953706069106
764.0,2.7904491302269956
32.0,3.0433183303220317
2456.0,2.4979423867983632
822.0,2.659116882757232
1346.0,2.4814814814074015
1423.0,2.4358974358934824
2919.0,3.6668518521849878
1581.0,2.5238095236734646
716.0,2.659081288544313
679.0,3.0002022534353148
480.0,2.666666666928542
2568.0,2.940729807568474
1567.0,2.6592236653959884
1255.0,2.8823464642343235
866.0,2.7056066039479756
2627.0,2.547619047507652
2383.0,3.5602398146246506
1020.0,2.677419354539013
467.0,2.785030038586457
988.0,3.667494090165081
2089.0,2.864060060159701
652.0,2.386666666281599
2320.0,2.7498691213852293
939.0,2.666666666924273
1661.0,2.5238095236734646
1299.0,2.386666666281599
643.0,2.5938697316195127
469.0,2.386666666281599
729.0,2.93057066347894
602.0,2.5476455025359597
2058.0,2.4814814814074015
2895.0,2.7051448401886216
636.0,2.4814814814074015
427.0,3.333005609277597
1051.0,2.4358974358934824
1195.0,3.333417825518368
1698.0,3.566912078630166
2490.0,2.677419354539013
2486.0,2.609195402692045
628.0,2.7060545873662147
800.0,2.8314148017852974
915.0,2.4979423867983632
1890.0,2.634604787825522
724.0,2.3861408380375395
2114.0,2.9281524530294734
670.0,2.4979423867983632
2079.0,3.4426196068240196
383.0,2.547619047507652
856.0,2.6371837355387022
1438.0,2.784927904355621
1301.0,2.7909706143142445
575.0,2.705728250530179
1246.0,2.547619047507652
1699.0,2.5938697316195127
2578.0,3.3345067882739228
633.0,3.6675925929249873
97.0,2.5238095236734646
284.0,3.3324303612639583
2819.0,3.0560447620414113
1735.0,2.4358974358934824
2646.0,2.5238095236734646
2637.0,3.333855451406452
288.0,2.8181175116460415
1926.0,2.636905615047015
1207.0,2.4359259259205044
1155.0,2.386666666281599
1389.0,2.5476455025359597
2667.0,3.167850671241833
2857.0,2.5238095236734646
1344.0,2.6666666668988097
279.0,3.1663460738478504
2026.0,2.4359259259205044
1479.0,3.0431702668775933
2789.0,2.7505008188223417
1614.0,2.8823529413010562
1018.0,2.6371730807674165
1860.0,2.5631673050494546
2639.0,2.4358974358934824
2545.0,4.005740740738333
103.0,2.5938697316195127
2887.0,2.547619047507652
2823.0,3.108234384167
1865.0,2.72015905043358
1034.0,2.609195402692045
1201.0,2.8311770595817785
471.0,2.4979423867983632
1299.0,2.4359259259205044
1853.0,3.1676886622746507
2183.0,2.5476455025359597
2208.0,2.7499873512216766
2045.0,2.9422350546861615
1200.0,2.784868290369364
2065.0,2.599999999760002
842.0,2.720325386735415
2125.0,2.677419354539013
2213.0,2.7498855942662073
2208.0,4.03314814813167
1559.0,2.5238095236734646
292.0,2.386666666281599
1409.0,2.5476455025359597
1607.0,2.5476455025359597
1369.0,2.5476455025359597
2530.0,2.9941057297512463
2795.0,2.4979423867983632
479.0,3.5000286956354003
2721.0,2.4814814814074015
481.0,2.9328336259280126
820.0,2.4979423867983632
2029.0,2.652353982302669
1852.0,2.328880928151434
1381.0,2.386666666281599
2735.0,2.634504977814103
1552.0,2.609195402692045
362.0,2.547619047507652
2238.0,2.4979423867983632
2339.0,3.3198804347922564
432.0,2.8633640700756176
1158.0,2.6350596780548945
2845.0,2.666666666913232
1862.0,2.999999999890225
703.0,3.333708785818949
1999.0,2.882731607252744
2755.0,3.0725892198886946
1260.0,2.8308507562141942
1591.0,2.5238095236734646
1669.0,2.386666666281599
2317.0,2.4979423867983632
1498.0,2.999999999890638
778.0,2.4979423867983632
485.0,2.9674062447459515
567.0,2.5938697316195127
243.0,3.166870710770999
1944.0,2.599999999760002
1132.0,2.609195402692045
2559.0,2.8822964141829304
2236.0,2.9020693711207426
2029.0,3.4999625893358415
569.0,2.669122508454109
2886.0,2.719980223577873
1987.0,2.8178234340036834
1680.0,2.9946929411110332
1680.0,2.7498179375127236
2026.0,2.7012144970676193
1256.0,2.386666666281599
1084.0,2.9736413524321854
404.0,2.547619047507652
1488.0,2.7201418759989777
2148.0,2.86676594226613
952.0,2.9999096656605633
1531.0,3.16581606048976
1130.0,2.863475357831496
1398.0,2.705332899138019
1877.0,2.831433287291591
969.0,2.7153636496007647
325.0,2.784822076593052
793.0,3.6676792753500815
678.0,2.8314781806697242
2115.0,3.0845200579753818
1323.0,2.6666666669569823
1505.0,2.634560980576746
614.0,2.5632183906135446
1453.0,2.9942765010731383
2005.0,2.599999999760002
1543.0,2.5238095236734646
2563.0,2.9040564374785287
269.0,2.677419354539013
830.0,3.3332627867535805
151.0,2.720219534293916
1735.0,2.8662617911593484
2056.0,2.386666666281599
2672.0,2.386666666281599
181.0,2.719775058107461
1756.0,2.9327040325965146
1707.0,2.715415172904572
558.0,2.5631673050494546
1489.0,2.5938697316195127
2678.0,2.386666666281599
979.0,2.817985223503992
960.0,2.7709953706069106
2316.0,2.777731481690404
2006.0,2.4814814814074015
2345.0,2.7153502087448635
858.0,2.634758707278054
83.0,2.6591880711830695
1699.0,2.33760772922272
1076.0,2.5238095236734646
1670.0,2.609195402692045
1241.0,2.994447751149518
597.0,2.5238095236734646
1176.0,2.4814814814074015
1276.0,2.7905657174036005
906.0,2.5631673050494546
532.0,3.3344543902005377
1112.0,2.386666666281599
2500.0,2.5238095236734646
1610.0,3.0177877878247896
2079.0,2.4814814814074015
1008.0,2.705877819687315
2839.0,2.81800335417848
1147.0,2.8826667845525367
805.0,2.386666666281599
2533.0,2.71546669620838
2864.0,2.636994770287149
910.0,2.677419354539013
1095.0,2.6345487850628784
505.0,2.547619047507652
2531.0,2.4814814814074015
874.0,2.6592592596089073
2633.0,2.4814814814074015
1784.0,2.770995370606821
2419.0,2.7153636496007647
1913.0,2.974026476185632
2782.0,3.6674074077399874
2372.0,2.4358974358934824
2813.0,3.0479367753198305
2112.0,2.8178542180434296
2461.0,2.9999999998984324
1249.0,2.4979423867983632
2049.0,2.902257495746769
1134.0,2.5631673050494546
2804.0,2.386666666281599
1714.0,2.8313102531296215
1479.0,2.5632183906135446
2664.0,2.785284214356176
603.0,2.8181175116460415
2700.0,2.4814814814074015
551.0,2.5238095236734646
2778.0,2.8823182006752606
766.0,2.4814814814074015
2455.0,3.000161186702648
2337.0,2.386666666281599
395.0,3.5007922918813263
1388.0,3.33347462708157
882.0,2.4979423867983632
1947.0,2.9041975308843453
689.0,2.6372077739874893
805.0,2.386666666281599
2128.0,3.1939622486867583
769.0,2.974893321962767
343.0,3.166065145192806
2261.0,2.677419354539013
1009.0,2.6367654318509324
927.0,2.4358974358934824
772.0,2.6369844680948114
1998.0,2.978762650928036
1675.0,2.904306528836373
2880.0,2.7199973980124765
71.0,2.7200677702163754
826.0,3.0182835467453755
346.0,2.999999999892835
2621.0,2.547619047507652
2237.0,2.386666666281599
2177.0,3.1667491892821307
375.0,4.019074074061668
613.0,2.7057894811111853
1661.0,2.609195402692045
1401.0,2.4979423867983632
2032.0,2.5631673050494546
2005.0,2.599999999760002
1794.0,3.946851851931665
1816.0,2.386666666281599
932.0,2.4814814814074015
120.0,2.4359259259205044
1449.0,2.71546669620838
1826.0,2.941904807157721
365.0,2.770995370606821
1554.0,2.636971920001996
2647.0,2.5631673050494546
135.0,2.609195402692045
1420.0,2.386666666281599
1415.0,2.5631673050494546
2794.0,2.871201554284759
2510.0,2.4979423867983632
1130.0,3.5574585292234224
1673.0,2.386666666281599
1407.0,2.889209098468336
729.0,2.4359259259205044
1398.0,2.6369056150470147
960.0,2.386666666281599
1317.0,2.6592236653959884
878.0,2.4979423867983632
89.0,2.7055157763012287
1507.0,2.5238095236734646
2514.0,2.4814814814074015
646.0,2.5631673050494546
925.0,2.677419354539013
977.0,2.609195402692045
538.0,2.6586897522022075
1068.0,2.6592236653959884
1886.0,2.9307418346453957
1592.0,3.0187469243244833
324.0,2.931610480263487
1689.0,2.609195402692045
606.0,2.817680711197083
575.0,2.599999999760002
972.0,2.6666666668798436
2467.0,3.0547073298036294
784.0,2.750278433700906
2387.0,2.4814814814074015
1686.0,2.5938697316195127
205.0,2.6592236653959884
1498.0,2.5238095236734646
2239.0,2.7049551294703655
603.0,3.1486006218962177
2814.0,2.4814814814074015
1000.0,2.5238095236734646
1051.0,2.5238095236734646
1280.0,2.9041269842022115
2213.0,2.4359259259205044
2511.0,2.634753379892412
1498.0,2.9437933456702976
250.0,2.817409166889612
1182.0,3.668234830905081
1129.0,2.4979423867983632
2899.0,2.831149165130037
2035.0,2.4814814814074015
1006.0,2.8315151516856405
291.0,2.5238095236734646
2197.0,2.8665037977795227
2308.0,2.999999999889077
356.0,2.8823464642343235
1498.0,3.3456878071323284
1201.0,2.386666666281599
963.0,2.9426374771494768
1163.0,3.05381258661789
2382.0,2.7904732898509756
1717.0,3.1662722288095027
2524.0,2.750048015891164
286.0,2.4814814814074015
326.0,2.5938697316195127
1203.0,2.4979423867983632
1507.0,2.609195402692045
1398.0,3.167292648996354
1346.0,2.882239887064805
2407.0,2.609195402692045
1694.0,2.7199148747704425
2086.0,2.4979423867983632
2696.0,2.8641169405688602
206.0,2.5632183906135446
2263.0,2.8179088180995486
2715.0,2.7156522660580293
1644.0,2.866280869098821
2331.0,3.3303786483688858
1616.0,2.435249670323304
784.0,2.8315494819163685
873.0,2.931208446652905
1532.0,2.4979423867983632
1035.0,2.6346101152111645
2483.0,3.2640625790844293
2724.0,2.7505260713272923
1152.0,2.677419354539013
1741.0,2.599999999760002
858.0,2.4359259259205044
1518.0,3.333701383026652
2430.0,2.8180006155238653
1394.0,2.93319638722147
2811.0,3.8270370372100007
2131.0,3.0574945696827216
574.0,2.9747616087607076
1570.0,2.4979423867983632
1041.0,2.6666666669079664
235.0,2.4814814814074015
2692.0,2.817389545500982
1274.0,2.7777301200310047
703.0,2.9747395723349968
200.0,2.9999999998847504
2903.0,2.5476455025359597
2066.0,2.5631673050494546
1665.0,2.6667776654133237
1310.0,3.667777778109987
1480.0,2.547619047507652
1776.0,3.2463107031930245
2719.0,2.386666666281599
1263.0,2.609195402692045
2035.0,2.863364070079536
2156.0,2.599999999760002
1402.0,2.609195402692045
1276.0,2.5632183906135446
698.0,2.4358974358934824
428.0,2.386666666281599
2108.0,3.3296747268401115
530.0,2.9786699723950707
1915.0,2.4814814814074015
996.0,2.771017157097
938.0,3.018237184599994
2598.0,3.075233994327929
2003.0,3.195598070219099
1123.0,3.0853152346273647
704.0,2.5938697316195127
327.0,2.4814814814074015
1297.0,3.042814892246648
2203.0,3.501172651828332
734.0,2.7196736859653354
593.0,3.168012180461651
2313.0,2.8672506622679643
833.0,3.8294444446149987
2246.0,3.1662538952546324
2440.0,3.056179587622028
1578.0,2.5631673050494546
1586.0,2.8180944236162317
2889.0,2.677419354539013
2863.0,2.386666666281599
1709.0,2.4814814814074015
1713.0,2.864064299681023
2813.0,3.834259259428336
2804.0,2.66666666693522
2109.0,2.8709920506765947
783.0,2.609195402692045
841.0,2.386666666281599
408.0,3.267999228881017
57.0,2.5476455025359597
1172.0,2.5631673050494546
843.0,2.636965051873771
1086.0,2.81811255429072
95.0,2.609195402692045
1616.0,2.8667617028340544
1905.0,2.4979423867983632
2022.0,2.831405095103983
853.0,2.636993229544566
582.0,2.9045149912528014
2593.0,2.7058748102084795
1238.0,2.9334926509421164
1046.0,3.1671543042479327
1603.0,2.9415783553922834
2123.0,3.2673777817093654
955.0,2.609195402692045
1565.0,2.9941437164703055
1598.0,2.817973298125299
962.0,2.5238095236734646
1734.0,2.5938697316195127
1960.0,2.5938697316195127
783.0,2.8315943752945016
1432.0,2.7976298222463143
2489.0,2.9999999998929012
2541.0,2.8163857361186886
2593.0,2.386666666281599
2226.0,2.599999999760002
717.0,2.609195402692045
943.0,2.547619047507652
1146.0,2.599999999760002
339.0,2.5938697316195127
1662.0,2.5938697316195127
2228.0,2.882703343693681
821.0,2.5938697316195127
274.0,3.1660481619031935
1175.0,2.4814814814074015
846.0,2.8826468165755554
2433.0,3.3519775195534227
655.0,2.547619047507652
2898.0,2.4979423867983632
434.0,3.4995944983462324
62.0,3.152487616504535
2589.0,2.38649639359275
1140.0,2.4359259259205044
1644.0,2.599999999760002
1118.0,2.4444444440000157
1108.0,2.5938697316195127
2865.0,2.609195402692045
1637.0,2.5238095236734646
1646.0,3.0561213451594575
508.0,2.547619047507652
2675.0,2.547619047507652
2258.0,2.789953126161681
585.0,2.386666666281599
1445.0,3.166752767567205
1272.0,2.386666666281599
2483.0,2.5238095236734646
2698.0,4.120740740716667
1819.0,2.5476455025359597
1571.0,2.7502191490670316
1177.0,2.7062066455939684
2240.0,2.7709953706069106
1874.0,2.547619047507652
2805.0,2.750799663012255
1555.0,2.599999999760002
2074.0,2.785076252362771
350.0,2.599999999760002
2513.0,2.4359259259205044
1190.0,2.4814814814074015
1215.0,2.5938697316195127
758.0,3.333333333486163
1584.0,2.7907153858087033
962.0,2.831509870111938
2268.0,2.4814814814074015
691.0,2.4814814814074015
2876.0,2.770972222458829
2265.0,2.4814814814074015
300.0,2.4359259259205044
1129.0,2.677419354539013
2052.0,2.547619047507652
309.0,3.6686052012750814
1026.0,2.5632183906135446
2875.0,3.1662190404106307
715.0,3.459403292055605
809.0,2.866526408721348
2047.0,2.6345400236131233
615.0,2.715415172904572
620.0,2.4358974358934824
2339.0,2.3852444440607563
1913.0,2.5238095236734646
1209.0,2.5238095236734646
654.0,2.3344451080434903
2360.0,2.5938697316195127
2619.0,3.167872254653128
1550.0,2.9942702555402785
2368.0,3.0850589577981307
1426.0,2.5938697316195127
602.0,2.386666666281599
2559.0,2.7158310929137355
928.0,2.659081288544313
364.0,3.0181191718351794
919.0,2.4814814814074015
705.0,2.6592236653959884
623.0,2.8316392686726344
140.0,3.018371002631798
2023.0,2.666680541737596
352.0,2.4979423867983632
2543.0,2.6345049778141028
1844.0,2.5631673050494546
1366.0,2.715501045077585
2105.0,2.609195402692045
2552.0,3.106536212223652
863.0,2.386666666281599
1881.0,2.5938697316195127
1388.0,2.3852444440607563
1352.0,3.350362684360152
2661.0,2.386666666281599
365.0,2.4814814814074015
242.0,2.4979423867983632
1304.0,2.705850100757334
259.0,3.0180375112285756
778.0,3.2443122132549935
2817.0,2.5938697316195127
480.0,2.677419354539013
123.0,2.599999999760002
1859.0,2.3859555551711775
1036.0,2.8314288621873067
1072.0,3.0507762717053177
1748.0,3.0876360343080362
2841.0,3.667777778109988
514.0,2.6592236653959884
1826.0,2.9999999998934896
2295.0,2.7897110302039536
729.0,2.386666666281599
1895.0,2.826850594087162
1878.0,2.5238095236734646
2574.0,2.999999999881225
2573.0,2.386666666281599
2488.0,2.7709953706069106
2723.0,3.166937309507208
245.0,3.3281465076296644
2346.0,2.386666666281599
2780.0,2.930185375895848
588.0,2.8315230740478574
656.0,2.5632183906135446
904.0,2.5238095236734646
794.0,3.054712253699832
1129.0,3.3333403061414497
1773.0,2.4814814814074015
2266.0,2.5476455025359597
875.0,2.9433455812838774
46.0,2.818157123450472
909.0,2.7058993160146723
1659.0,2.8823246777419933
1226.0,2.6666666669259316
1331.0,2.6666666669420476
737.0,2.4359259259205044
556.0,2.547619047507652
1223.0,2.599999999760002
1109.0,2.4979423867983632
1405.0,2.8313267279678667
634.0,2.4979423867983632
2020.0,2.386666666281599
2250.0,2.5938697316195127
833.0,2.9999999998970193
1054.0,2.4358974358934824
1791.0,3.054564009325188
1070.0,2.865270446952026
1374.0,3.500258546228143
150.0,2.6591880711830695
417.0,2.609195402692045
242.0,2.599999999760002
450.0,2.386666666281599
1338.0,2.666666666895984
1613.0,2.8314975226487626
14.0,2.4814814814074015
1215.0,2.974044174845028
1422.0,2.6592236653959884
1358.0,2.4814814814074015
1170.0,2.386666666281599
2122.0,2.9330198572327504
2531.0,2.6346729861020335
305.0,2.9999096656533073
1085.0,2.967086828390516
343.0,3.431841454902697
1601.0,2.637001638415374
2046.0,2.9424605533568537
1839.0,3.1712360983250028
1990.0,2.4979423867983632
1913.0,2.830454411840895
2398.0,2.715415172904572
2469.0,2.677419354539013
1871.0,2.5632183906135446
1602.0,2.7851686799153956
1.0,2.4444444440000157
3.0,1.1111111110000083
5.0,2.1111111110000107
6.0,2.0
9.0,2.6666666669382355
10.0,2.0
11.0,2.0
12.0,2.5555555559999825
14.0,2.666666666934071
16.0,2.9999176953757267
17.0,2.3333333330000077
18.0,1.5555555560000014
20.0,3.557477888286065
23.0,2.5555555559999825
26.0,2.1111111110000107
30.0,2.8888888889999884
32.0,1.6666666670000045
33.0,2.666708291353168
34.0,2.7777777779880717
37.0,2.7777777779882724
38.0,1.4444444439999986
39.0,2.7777777779880393
44.0,3.000240240143497
45.0,1.4444444439999986
47.0,2.5555555559999825
49.0,1.6666666670000045
50.0,3.1100922176179107
51.0,2.5555555559999825
58.0,2.4444444440000157
59.0,2.7777777779882995
60.0,1.777777777999986
61.0,1.4444444439999986
65.0,2.666666666937041
66.0,3.5556965169627164
67.0,2.2222222220000165
70.0,2.1111111110000107
71.0,2.3333333330000077
72.0,1.8888888889999895
73.0,2.8888888889999884
74.0,3.2215722713308153
76.0,1.4444444439999986
79.0,1.4444444439999986
84.0,3.443690609446506
85.0,2.3333333330000077
86.0,2.5555555559999825
87.0,2.5555555559999825
88.0,1.3333333329999983
89.0,2.1111111110000107
91.0,1.4444444439999986
92.0,2.3333333330000077
94.0,2.777777777988066
98.0,1.2222222220000079
99.0,2.1111111110000107
102.0,2.4444444440000157
103.0,2.1111111110000107
109.0,2.4444444440000157
111.0,2.1111111110000107
112.0,2.3333333330000077
115.0,2.0
116.0,2.1111111110000107
117.0,3.785370370584981
118.0,1.6666666670000045
123.0,2.0
124.0,2.0
127.0,3.332940814688622
129.0,1.4444444439999986
130.0,1.6666666670000045
131.0,1.777777777999986
133.0,2.1111111110000107
135.0,2.4444444440000157
136.0,1.777777777999986
137.0,1.777777777999986
138.0,1.777777777999986
139.0,2.1111111110000107
140.0,2.7777777779882995
141.0,2.4444444440000157
142.0,2.2222222220000165
143.0,1.6666666670000045
144.0,3.111240065865906
145.0,2.3333333330000077
147.0,2.666666666931989
149.0,2.9999999999036553
151.0,2.0
153.0,2.8888888889999884
155.0,1.777777777999986
157.0,2.5555555559999825
158.0,2.0
162.0,2.777777777988102
165.0,1.2222222220000079
166.0,2.3333333330000077
168.0,2.7777777779881294
170.0,2.2222222220000165
175.0,2.1111111110000107
176.0,2.777777777988067
177.0,1.0
178.0,1.5555555560000014
180.0,1.8888888889999895
181.0,1.8888888889999895
183.0,2.5555555559999825
184.0,2.2222222220000165
185.0,1.777777777999986
187.0,1.4444444439999986
191.0,1.3333333329999983
192.0,3.3323055185234836
193.0,2.1111111110000107
195.0,1.2222222220000079
197.0,2.5555555559999825
198.0,2.777777777988102
201.0,2.4444444440000157
204.0,2.2222222220000165
206.0,2.3333333330000077
207.0,1.3333333329999983
208.0,1.1111111110000083
209.0,2.7777777779882995
211.0,2.2222222220000165
214.0,2.3333333330000077
221.0,2.5555555559999825
224.0,2.3333333330000077
225.0,1.1111111110000083
227.0,1.1111111110000083
231.0,2.4444444440000157
234.0,2.3333333330000077
236.0,1.3333333329999983
237.0,2.5555555559999825
238.0,1.3333333329999981
240.0,1.4444444439999986
241.0,1.1111111110000083
243.0,1.5555555560000014
244.0,2.5555555559999825
247.0,3.0000600599641487
248.0,2.9999999999066933
249.0,2.5555555559999825
251.0,1.4444444439999986
253.0,1.2222222220000079
254.0,2.4444444440000157
258.0,1.777777777999986
260.0,1.777777777999986
261.0,1.5555555560000014
262.0,2.0
266.0,2.3333333330000077
271.0,3.332641601214941
274.0,1.5555555560000014
275.0,2.3333333330000077
278.0,2.4444444440000157
281.0,2.6666666669328905
282.0,1.5555555560000014
283.0,2.4444444440000157
284.0,2.8888888889999884
286.0,2.666666666943111
288.0,2.4444444440000157
289.0,2.7777777779880393
291.0,1.5555555560000014
293.0,2.4444444440000157
295.0,1.777777777999986
302.0,2.0
303.0,3.332868417243033
304.0,1.777777777999986
306.0,2.4444444440000157
307.0,2.1111111110000107
309.0,2.666666666942842
310.0,2.3333333330000077
315.0,1.777777777999986
316.0,1.3333333329999983
317.0,1.4444444439999986
318.0,2.3333333330000077
320.0,2.666666666935851
325.0,1.8888888889999895
326.0,2.3333333330000077
327.0,2.3333333330000077
331.0,1.4444444439999986
333.0,2.4444444440000157
334.0,3.2218978399773475
337.0,3.2224028904731945
338.0,1.777777777999986
341.0,2.4444444440000157
344.0,2.4444444440000157
345.0,2.5555555559999825
346.0,2.8888888889999884
347.0,2.1111111110000107
350.0,1.6666666670000045
351.0,1.0
352.0,1.2222222220000079
353.0,2.2222222220000165
356.0,2.4444444440000157
359.0,2.0
361.0,1.5555555560000014
362.0,1.777777777999986
363.0,1.1111111110000083
364.0,2.6666666669295087
365.0,2.3333333330000077
367.0,1.777777777999986
368.0,3.110999025231516
370.0,2.4444444440000157
379.0,2.4444444440000157
381.0,1.3333333329999981
384.0,2.5555555559999825
386.0,2.3333333330000077
387.0,2.2222222220000165
388.0,2.66666666693844
389.0,1.1111111110000083
391.0,2.7777777779879425
393.0,2.6666666669339616
394.0,2.9999810065546315
395.0,3.111111111000012
396.0,1.5555555560000014
398.0,2.3333333330000077
401.0,1.2222222220000079
403.0,2.0
406.0,2.7777777779880393
409.0,3.111111111000012
412.0,1.777777777999986
414.0,1.8888888889999895
415.0,2.9999176953746267
416.0,2.8888888889999884
418.0,1.6666666670000045
419.0,1.8888888889999895
421.0,2.4444444440000157
422.0,2.6666666669389296
424.0,2.2222222220000165
431.0,2.3333333330000077
433.0,2.777777777988129
434.0,2.999981006554403
437.0,1.2222222220000079
441.0,2.6666666669384433
443.0,2.4444444440000157
444.0,1.6666666670000045
446.0,1.777777777999986
447.0,2.0
449.0,2.5555555559999825
450.0,2.4444444440000157
452.0,2.666680541756487
455.0,1.6666666670000045
457.0,1.6666666670000045
460.0,1.4444444439999986
465.0,2.5555555559999825
469.0,1.6666666670000045
472.0,2.6666666669327563
475.0,2.4444444440000157
479.0,3.2223187153905535
480.0,2.8888888889999884
484.0,2.8888888889999884
487.0,2.0
490.0,1.8888888889999895
491.0,2.8888888889999884
497.0,2.4444444440000157
498.0,1.777777777999986
499.0,1.0
501.0,1.8888888889999895
503.0,1.4444444439999986
504.0,2.4444444440000157
505.0,1.1111111110000083
506.0,2.9999810065546404
510.0,2.5555555559999825
516.0,2.3333333330000077
520.0,2.5555555559999825
522.0,2.7777777779880393
526.0,2.7777777779880393
527.0,2.3333333330000077
528.0,2.6666666669430374
529.0,3.222138046917379
530.0,1.1111111110000083
532.0,1.4444444439999986
534.0,1.8888888889999895
535.0,2.4444444440000157
537.0,1.3333333329999983
540.0,1.8888888889999895
541.0,2.7777777779880393
542.0,2.0
545.0,2.7777777779881814
549.0,1.0
551.0,2.8888888889999884
552.0,3.000202253442651
561.0,2.3333333330000077
563.0,2.3333333330000077
564.0,1.8888888889999895
570.0,1.8888888889999895
572.0,2.5555555559999825
573.0,2.3333333330000077
574.0,2.0
575.0,2.66688866390589
576.0,2.0
582.0,2.7777777779850066
586.0,2.666666666946633
587.0,2.1111111110000107
588.0,2.6666666669280006
592.0,1.8888888889999895
596.0,2.7777777779880393
597.0,2.4444444440000157
602.0,2.1111111110000107
604.0,2.3333333330000077
605.0,2.4444444440000157
606.0,2.3333333330000077
608.0,2.5555555559999825
613.0,3.33425349356809
617.0,2.0
618.0,2.6666666669270658
619.0,1.4444444439999986
621.0,1.6666666670000045
624.0,1.3333333329999981
627.0,1.5555555560000014
628.0,2.777777777988102
629.0,1.1111111110000083
632.0,3.6684200160900815
635.0,1.4444444439999986
636.0,2.666666666935918
639.0,1.0
640.0,1.6666666670000045
641.0,2.777754629840093
642.0,2.4444444440000157
646.0,3.22222222200002
647.0,2.3333333330000077
648.0,2.2222222220000165
649.0,2.5555555559999825
650.0,2.3334108090643344
651.0,2.3333333330000077
653.0,1.777777777999986
654.0,2.4444444440000157
655.0,2.666666666935715
656.0,1.8888888889999895
657.0,1.2222222220000079
658.0,2.5555555559999825
659.0,1.2222222220000079
661.0,1.4444444439999986
666.0,1.8888888889999895
676.0,2.4444444440000157
680.0,2.4444444440000157
684.0,2.7777777779880393
685.0,1.1111111110000083
686.0,2.1111111110000107
690.0,1.777777777999986
691.0,2.3333333330000077
692.0,2.5555555559999825
694.0,2.2222222220000165
695.0,2.3333333330000077
696.0,2.8888888889999884
698.0,2.5555555559999825
699.0,3.4439533139727283
701.0,1.3333333329999981
704.0,1.2222222220000079
710.0,1.5555555560000014
712.0,1.4444444439999986
713.0,2.3333333330000077
714.0,4.366111110785023
717.0,2.0
719.0,2.0
721.0,2.5555555559999825
723.0,2.3333333330000077
724.0,2.8888888889999884
726.0,1.1111111110000083
727.0,2.2222222220000165
730.0,2.2222222220000165
731.0,2.1111111110000107
734.0,2.3333333330000077
735.0,2.8888888889999884
736.0,1.6666666670000045
737.0,1.3333333329999981
738.0,2.99987009618112
739.0,2.4444444440000157
741.0,1.6666666670000045
742.0,1.8888888889999895
743.0,1.6666666670000045
746.0,1.3333333329999981
747.0,2.2222222220000165
751.0,2.4444444440000157
752.0,1.777777777999986
754.0,2.3333333330000077
757.0,3.78444444465998
759.0,2.7777777779880393
760.0,2.4444444440000157
761.0,4.018518518519999
763.0,2.4444444440000157
766.0,2.3333333330000077
767.0,1.4444444439999986
768.0,2.5555555559999825
771.0,3.336399645572836
772.0,2.3333333330000077
774.0,2.3333333330000077
775.0,2.6666666669304107
780.0,2.5555555559999825
781.0,2.666680541746318
782.0,2.6666666669350345
783.0,2.7777777779882222
784.0,1.8888888889999895
785.0,2.4444444440000157
787.0,2.8888905481164047
790.0,1.4444444439999986
791.0,1.777777777999986
794.0,2.4444444440000157
795.0,2.3333333330000077
796.0,2.4444444440000157
797.0,1.777777777999986
798.0,2.3333333330000077
800.0,1.3333333329999983
803.0,1.777777777999986
806.0,2.4444444440000157
809.0,1.3333333329999981
812.0,1.2222222220000079
817.0,2.777777777988102
818.0,2.8888888889999884
819.0,1.6666666670000045
823.0,2.4444444440000157
824.0,2.2222222220000165
825.0,2.3333333330000077
826.0,2.7777777779880393
828.0,2.5555555559999825
833.0,2.8888888889999884
837.0,1.3333333329999981
838.0,1.8888888889999895
839.0,2.7777777779882995
840.0,1.3333333329999983
841.0,1.4444444439999986
842.0,1.3333333329999981
844.0,2.3333333330000077
847.0,2.3333333330000077
849.0,3.6674074077399874
850.0,1.5555555560000014
851.0,2.5555555559999825
852.0,2.8888888889999884
853.0,2.8888888889999884
854.0,1.4444444439999986
855.0,2.5555555559999825
859.0,1.8888888889999895
861.0,2.4444444440000157
864.0,1.2222222220000079
867.0,1.5555555560000014
868.0,2.3333333330000077
870.0,2.2222222220000165
873.0,1.2222222220000079
875.0,2.0
876.0,2.5555555559999825
878.0,1.777777777999986
881.0,2.5555555559999825
882.0,2.4444444440000157
883.0,2.777777777988102
887.0,2.5555555559999825
889.0,2.7777777779881294
890.0,2.3333333330000077
892.0,2.3333333330000077
893.0,1.5555555560000014
895.0,1.777777777999986
897.0,2.3333333330000077
898.0,1.4444444439999986
906.0,2.7777777779880206
907.0,2.0
909.0,3.332797870517191
910.0,1.4444444439999986
911.0,1.1111111110000083
914.0,2.8888888889999884
915.0,2.777777777988102
917.0,1.777777777999986
924.0,2.999999999901557
925.0,3.33291989676724
926.0,2.4444444440000157
927.0,2.5555555559999825
928.0,2.5555555559999825
931.0,2.7777777779880055
933.0,2.6666666669366736
934.0,2.0
935.0,2.7777777779882995
937.0,1.777777777999986
940.0,2.4444444440000157
941.0,3.330860519550487
942.0,1.6666666670000045
944.0,2.999999999903868
946.0,1.3333333329999983
949.0,1.1111111110000083
951.0,1.2222222220000079
955.0,2.5555555559999825
957.0,1.5555555560000014
958.0,2.7777777779880393
960.0,1.6666666670000045
963.0,2.1111111110000107
964.0,2.666666666942071
965.0,2.5555555559999825
969.0,2.7777777779880393
971.0,2.7777777779880393
972.0,2.8888888889999884
974.0,2.6666666669311794
975.0,2.1111111110000107
978.0,2.6666666669334247
979.0,1.6666666670000045
981.0,2.1111111110000107
982.0,1.4444444439999986
983.0,2.6667221661773706
984.0,1.0
985.0,2.0
988.0,2.5555555559999825
992.0,1.8888888889999895
993.0,1.4444444439999986
994.0,2.6666666669323176
997.0,1.777777777999986
998.0,2.8888888889999884
999.0,1.5555555560000014
1001.0,1.4444444439999986
1003.0,2.9999999998936784
1004.0,2.999909665669351
1005.0,2.3333333330000077
1007.0,2.4444444440000157
1008.0,2.2222222220000165
1013.0,1.4444444439999986
1014.0,1.8888888889999895
1016.0,3.221713511720873
1020.0,2.3333333330000077
1022.0,2.5555555559999825
1024.0,2.4444444440000157
1026.0,2.5555555559999825
1027.0,1.777777777999986
1028.0,1.2222222220000079
1029.0,1.8888888889999895
1030.0,2.6666666669365777
1038.0,1.3333333329999981
1041.0,3.1106237815662623
1042.0,2.4444444440000157
1044.0,1.3333333329999983
1045.0,3.110901559344766
1046.0,2.7777777779882995
1047.0,2.5555555559999825
1048.0,1.3333333329999983
1051.0,2.7777777779880393
1053.0,3.0000410666141892
1058.0,2.6666666669484917
1061.0,3.4441384992088553
1062.0,2.999999999902648
1063.0,2.7777777779880393
1065.0,2.777777777988066
1066.0,1.6666666670000045
1067.0,1.4444444439999986
1068.0,1.777777777999986
1069.0,2.1111111110000107
1071.0,1.4444444439999986
1072.0,1.777777777999986
1075.0,1.4444444439999986
1076.0,2.6667221661836833
1078.0,2.5555555559999825
1082.0,1.6666666670000045
1085.0,3.1113227512142294
1086.0,4.010740740733334
1087.0,1.8888888889999895
1089.0,2.666666666932397
1091.0,3.222282581695951
1092.0,2.5555555559999825
1093.0,2.4444444440000157
1094.0,2.4444444440000157
1095.0,2.4444444440000157
1101.0,2.2222222220000165
1103.0,2.3333333330000077
1104.0,2.3333333330000077
1105.0,2.4444444440000157
1106.0,2.3333333330000077
1107.0,2.5555555559999825
1108.0,2.8888888889999884
1111.0,2.4444444440000157
1114.0,3.110570175329815
1117.0,2.0
1119.0,2.1111111110000107
1120.0,1.8888888889999895
1124.0,1.1111111110000083
1127.0,2.3333333330000077
1130.0,2.2222222220000165
1131.0,2.8888888889999884
1137.0,2.1111111110000107
1138.0,3.000060059963911
1143.0,1.3333333329999981
1144.0,1.3333333329999981
1145.0,3.5563997736909116
1146.0,2.999999999905846
1150.0,2.3333333330000077
1153.0,2.5555555559999825
1154.0,2.8888888889999884
1155.0,2.666666666946982
1156.0,2.3333333330000077
1157.0,2.5555555559999825
1158.0,2.5555555559999825
1161.0,1.3333333329999983
1162.0,2.5555555559999825
1163.0,2.4444444440000157
1166.0,3.1120581366847504
1168.0,2.0
1171.0,3.111018518408866
1174.0,1.6666666670000045
1175.0,2.5555555559999825
1180.0,2.7777777779882724
1181.0,2.1111111110000107
1182.0,2.3333333330000077
1183.0,2.7777777779882995
1187.0,2.3333333330000077
1191.0,2.666680541751869
1192.0,3.3337409197551335
1193.0,1.5555555560000014
1197.0,2.4444444440000157
1198.0,2.5555555559999825
1199.0,2.2222222220000165
1200.0,2.0
1203.0,1.1111111110000083
1205.0,1.8888888889999895
1206.0,1.4444444439999986
1207.0,1.5555555560000014
1209.0,2.4444444440000157
1210.0,1.6666666670000045
1211.0,2.0
1212.0,2.666666666930523
1213.0,1.4444444439999986
1216.0,1.2222222220000079
1217.0,2.9999999999038662
1218.0,2.3333333330000077
1219.0,2.6666666669297787
1220.0,2.7777777779880393
1223.0,2.0
1225.0,2.3333333330000077
1226.0,2.0
1227.0,3.222172993988121
1228.0,3.110955165581212
1229.0,1.4444444439999986
1230.0,2.4444444440000157
1231.0,2.8888888889999884
1233.0,2.6666666669433896
1236.0,1.8888888889999895
1237.0,2.4444444440000157
1238.0,1.8888888889999895
1242.0,1.4444444439999986
1244.0,2.7777777779882724
1246.0,2.3333333330000077
1250.0,2.5555555559999825
1252.0,2.5555555559999825
1256.0,3.555846056649028
1260.0,1.4444444439999986
1263.0,2.3333333330000077
1264.0,1.1111111110000083
1268.0,1.6666666670000045
1273.0,1.3333333329999983
1274.0,2.3333333330000077
1275.0,3.3338224388116258
1276.0,2.2222222220000165
1277.0,2.7777777779882995
1278.0,2.9998906723154772
1280.0,2.666666666956253
1281.0,2.2222222220000165
1284.0,2.4444444440000157
1286.0,2.2222222220000165
1288.0,2.3333333330000077
1290.0,2.6666666669590358
1293.0,2.6668331646822505
1294.0,2.777777777988102
1298.0,1.3333333329999981
1299.0,2.3333333330000077
1302.0,2.2222222220000165
1308.0,1.3333333329999981
1310.0,1.5555555560000014
1312.0,2.8888888889999884
1315.0,1.0
1316.0,1.8888888889999895
1319.0,1.1111111110000083
1322.0,2.4444444440000157
1323.0,2.999999999905436
1324.0,2.5555555559999825
1325.0,1.8888888889999895
1326.0,1.6666666670000045
1329.0,2.3333333330000077
1331.0,1.0
1333.0,2.4444444440000157
1335.0,3.222994383353213
1338.0,1.6666666670000045
1343.0,3.2222789219126513
1345.0,3.22222222200002
1346.0,2.6666805417516795
1347.0,2.4444444440000157
1349.0,1.8888888889999895
1350.0,2.7777777779880393
1353.0,1.777777777999986
1355.0,3.6662962966299877
1358.0,1.3333333329999981
1359.0,2.5555555559999825
1360.0,2.3333333330000077
1362.0,2.3333333330000077
1364.0,1.777777777999986
1366.0,1.1111111110000083
1367.0,3.22222222200002
1369.0,2.2222222220000165
1370.0,2.8888888889999884
1372.0,1.2222222220000079
1373.0,3.111339888072118
1375.0,2.3333333330000077
1376.0,2.5555555559999825
1379.0,1.3333333329999983
1382.0,2.8888888889999884
1383.0,2.4444444440000157
1385.0,1.5555555560000014
1386.0,3.111111111000012
1387.0,2.0
1389.0,2.3332537990540585
1390.0,1.5555555560000014
1393.0,2.3333333330000077
1395.0,2.3333333330000077
1396.0,1.4444444439999986
1397.0,1.5555555560000014
1400.0,1.0
1402.0,2.0
1403.0,3.8994444445450003
1407.0,2.3333333330000077
1408.0,1.6666666670000045
1409.0,3.1106237815662627
1410.0,2.777777777988249
1411.0,2.5555555559999825
1412.0,1.3333333329999983
1415.0,2.8888905481164047
1416.0,2.5555555559999825
1421.0,2.4444444440000157
1422.0,2.666666666932522
1423.0,2.0
1425.0,2.1111111110000107
1426.0,2.4444444440000157
1429.0,2.4444444440000157
1431.0,2.5555555559999825
1432.0,1.2222222220000079
1433.0,2.5555555559999825
1434.0,2.0
1436.0,3.561835505041898
1437.0,2.0
1438.0,3.2222406732506523
1441.0,2.7777777779880393
1442.0,1.2222222220000079
1443.0,3.111111111000012
1444.0,1.777777777999986
1445.0,3.221797686803514
1446.0,2.5555555559999825
1447.0,1.4444444439999986
1448.0,3.111793372217724
1451.0,2.3333333330000077
1452.0,2.0
1455.0,1.2222222220000079
1456.0,2.1111111110000107
1458.0,1.777777777999986
1460.0,2.4444444440000157
1461.0,2.3333333330000077
1462.0,3.790925926138313
1463.0,1.5555555560000014
1464.0,2.2222222220000165
1465.0,1.3333333329999981
1466.0,2.0
1468.0,1.1111111110000083
1469.0,1.0
1471.0,2.5555555559999825
1472.0,1.777777777999986
1473.0,3.2225112915571645
1476.0,2.5555555559999825
1477.0,2.8888888889999884
1478.0,2.4444444440000157
1480.0,2.0
1481.0,2.1111111110000107
1483.0,2.5555555559999825
1485.0,1.8888888889999895
1486.0,2.8888888889999884
1488.0,2.4444444440000157
1493.0,3.2223027372993616
1497.0,2.7777777779880988
1498.0,1.8888888889999895
1500.0,1.5555555560000014
1502.0,3.555622096354648
1503.0,2.666666666933506
1506.0,2.6666666669587547
1508.0,2.4444444440000157
1510.0,2.5555555559999825
1513.0,1.3333333329999981
1514.0,2.666666666942833
1515.0,2.6666666669586547
1517.0,2.2222222220000165
1518.0,1.3333333329999981
1521.0,2.666666666927851
1522.0,2.0
1523.0,3.5555536781611137
1525.0,2.3333333330000077
1527.0,2.3333333330000077
1530.0,2.5555555559999825
1533.0,2.4444444440000157
1535.0,2.7777777779880393
1537.0,2.8888905481164047
1538.0,2.666666666936383
1540.0,2.5555555559999825
1541.0,2.2222222220000165
1544.0,3.111216931107121
1547.0,2.3333333330000077
1548.0,2.3333333330000077
1549.0,1.3333333329999981
1558.0,2.7777777779880393
1560.0,2.5555555559999825
1561.0,3.1109941519359117
1563.0,2.5555555559999825
1564.0,2.8888888889999884
1569.0,1.8888888889999895
1574.0,2.3333333330000077
1578.0,3.2226083026766164
1579.0,2.9999999999044236
1580.0,2.3333333330000077
1583.0,1.5555555560000014
1585.0,3.7840740742933145
1586.0,2.4444444440000157
1587.0,2.1111111110000107
1588.0,1.777777777999986
1589.0,2.7777777779882995
1591.0,1.8888888889999895
1593.0,1.4444444439999986
1594.0,1.6666666670000045
1595.0,1.6666666670000045
1599.0,3.0000410666134596
1600.0,1.0
1601.0,2.8888888889999884
1602.0,2.4444444440000157
1603.0,3.332778803281169
1606.0,1.3333333329999981
1607.0,2.4444444440000157
1608.0,2.2222222220000165
1609.0,2.8888888889999884
1610.0,2.2222222220000165
1612.0,2.7777777779882724
1614.0,2.3332537990540585
1616.0,2.7777777779880393
1619.0,2.3333333330000077
1622.0,1.4444444439999986
1625.0,2.4444444440000157
1626.0,2.4444444440000157
1630.0,1.4444444439999986
1631.0,2.3333333330000077
1633.0,3.221969696752096
1635.0,2.3333333330000077
1637.0,2.777777777988102
1638.0,2.8888888889999884
1639.0,2.7777777779880024
1642.0,1.4444444439999986
1644.0,1.1111111110000083
1646.0,2.8888888889999884
1652.0,3.1108820661674157
1653.0,2.3333333330000077
1657.0,3.2224780416364576
1658.0,1.0
1659.0,3.3330663122115616
1661.0,1.5555555560000014
1662.0,2.2222222220000165
1663.0,2.5555555559999825
1664.0,2.1111111110000107
1665.0,3.5565797276063633
1668.0,2.0
1670.0,2.666666666953578
1672.0,2.4444444440000157
1677.0,1.3333333329999983
1678.0,2.3333333330000077
1679.0,2.8888888889999884
1681.0,2.6666666669349057
1682.0,2.5555555559999825
1683.0,2.3333408380887644
1685.0,1.3333333329999981
1686.0,2.3333333330000077
1688.0,1.4444444439999986
1689.0,2.4444444440000157
1694.0,2.3333333330000077
1695.0,2.9999999999044697
1696.0,2.6666666669407344
1697.0,1.777777777999986
1698.0,1.8888888889999895
1700.0,2.777777777988066
1704.0,1.6666666670000045
1706.0,2.1111111110000107
1708.0,1.4444444439999986
1709.0,1.6666666670000045
1710.0,1.2222222220000079
1716.0,2.0
1717.0,2.4444444440000157
1718.0,2.777777777986461
1719.0,1.0
1722.0,2.7777777779882027
1724.0,1.0
1725.0,2.0
1726.0,2.7777777779880393
1727.0,2.2222222220000165
1728.0,1.8888888889999895
1730.0,1.2222222220000079
1733.0,3.1109746587585616
1738.0,2.0
1740.0,2.3333333330000077
1741.0,2.8888888889999884
1743.0,1.1111111110000083
1747.0,2.7777777779880393
1748.0,2.5555555559999825
1749.0,1.0
1750.0,1.5555555560000014
1751.0,1.4444444439999986
1753.0,3.333390134972401
1756.0,2.4444444440000157
1760.0,2.1111111110000107
1762.0,1.6666666670000045
1763.0,3.3350129200111045
1765.0,2.0
1766.0,1.6666666670000045
1767.0,2.6667360409906165
1768.0,1.4444444439999986
1772.0,2.3333333330000077
1773.0,1.5555555560000014
1774.0,3.000060059962967
1775.0,1.8888888889999895
1776.0,4.309999999766671
1782.0,2.3333333330000077
1784.0,2.0
1791.0,1.2222222220000079
1793.0,2.1111111110000107
1795.0,1.6666666670000045
1796.0,1.3333333329999981
1798.0,2.3333333330000077
1806.0,3.557635492720026
1807.0,1.3333333329999983
1808.0,2.2222222220000165
1810.0,1.777777777999986
1811.0,2.666666666947776
1812.0,1.8888888889999895
1813.0,1.5555555560000014
1814.0,1.8888888889999895
1816.0,2.3333333330000077
1817.0,1.8888888889999895
1818.0,2.5555555559999825
1820.0,2.5555555559999825
1824.0,2.0
1827.0,1.0
1828.0,2.3333333330000077
1830.0,2.6666805417416555
1831.0,1.777777777999986
1834.0,3.000060059960077
1835.0,3.222961391712992
1836.0,2.0
1837.0,1.3333333329999983
1840.0,2.5555555559999825
1842.0,2.8888888889999884
1844.0,2.8888888889999884
1846.0,1.5555555560000014
1849.0,2.4444444440000157
1852.0,2.3306689458107064
1854.0,2.8888905481164047
1855.0,2.8888888889999884
1858.0,2.3333333330000077
1859.0,2.4444444440000157
1860.0,1.4444444439999986
1862.0,2.3333333330000077
1864.0,3.111136602078259
1866.0,2.3333333330000077
1870.0,1.6666666670000045
1872.0,2.1111111110000107
1877.0,3.1110331382906122
1878.0,2.666666666951093
1879.0,1.6666666670000045
1880.0,1.6666666670000045
1884.0,2.1111111110000107
1886.0,1.777777777999986
1887.0,2.4444444440000157
1890.0,2.2222222220000165
1894.0,2.777777777988066
1896.0,1.6666666670000045
1897.0,1.6666666670000045
1903.0,2.6666666669475076
1905.0,1.8888888889999895
1908.0,2.2222222220000165
1909.0,2.6666666669386334
1911.0,2.4444444440000157
1914.0,2.666666666953244
1915.0,1.1111111110000083
1917.0,2.4444444440000157
1918.0,1.4444444439999986
1919.0,1.777777777999986
1922.0,2.1111111110000107
1924.0,1.777777777999986
1926.0,2.1111111110000107
1927.0,1.777777777999986
1928.0,2.3333333330000077
1929.0,1.8888888889999895
1930.0,2.666666666936519
1931.0,2.3333333330000077
1932.0,1.6666666670000045
1936.0,2.1111111110000107
1937.0,2.8888888889999884
1938.0,1.2222222220000079
1940.0,2.999999999902613
1941.0,3.446019453436594
1944.0,2.3333333330000077
1947.0,2.0
1948.0,2.0
1949.0,2.0
1950.0,2.777777777988117
1952.0,2.3333333330000077
1953.0,1.5555555560000014
1954.0,2.5555555559999825
1955.0,2.0
1957.0,1.2222222220000079
1958.0,1.2222222220000079
1959.0,2.2222222220000165
1962.0,3.222299077516062
1971.0,2.4444444440000157
1972.0,3.8827777778949986
1973.0,2.9999999998997686
1974.0,2.4444444440000157
1975.0,2.0
1977.0,2.666666666939327
1978.0,2.7777777779880775
1982.0,1.3333333329999981
1983.0,2.2222222220000165
1984.0,1.1111111110000083
1985.0,1.5555555560000014
1986.0,2.1111111110000107
1987.0,2.3333333330000077
1988.0,2.4444444440000157
1992.0,2.3333333330000077
1994.0,1.5555555560000014
1995.0,2.5555555559999825
1996.0,1.8888888889999895
2000.0,3.0000805505392054
2004.0,1.8888888889999895
2006.0,2.2222222220000165
2007.0,2.5555555559999825
2009.0,2.3333333330000077
2010.0,2.5555555559999825
2011.0,2.8888888889999884
2012.0,3.1116172909812563
2017.0,1.0
2018.0,2.666666666938618
2019.0,1.777777777999986
2021.0,2.666666666934201
2022.0,1.777777777999986
2023.0,3.111501831391815
2027.0,1.2222222220000079
2030.0,3.1111950816103087
2034.0,2.3333333330000077
2036.0,1.4444444439999986
2037.0,3.11059454180277
2041.0,1.4444444439999986
2042.0,1.6666666670000045
2044.0,1.8888888889999895
2046.0,2.6666666669586405
2047.0,2.1111111110000107
2051.0,2.2222222220000165
2054.0,1.3333333329999983
2055.0,2.0
2057.0,2.7777777779880393
2058.0,2.3333333330000077
2060.0,3.111111111000012
2061.0,2.8888888889999884
2062.0,3.8861111112283333
2064.0,2.6666666669352073
2065.0,2.8888888889999884
2066.0,1.777777777999986
2068.0,2.6666666669401193
2070.0,2.4444444440000157
2071.0,2.3333333330000077
2072.0,1.777777777999986
2073.0,1.4444444439999986
2075.0,3.3347553237502714
2076.0,2.1111111110000107
2078.0,1.2222222220000079
2079.0,1.6666666670000045
2080.0,2.5555555559999825
2082.0,1.777777777999986
2084.0,3.111018518408866
2085.0,1.8888888889999895
2088.0,2.3333333330000077
2089.0,2.6666666669262087
2091.0,2.5555555559999825
2092.0,2.666666666936219
2093.0,3.444132060970742
2094.0,1.6666666670000045
2098.0,1.8888888889999895
2101.0,2.6666666669341943
2102.0,3.66766745501527
2104.0,2.2222222220000165
2106.0,1.5555555560000014
2107.0,2.666666666933644
2108.0,2.3333333330000077
2109.0,1.777777777999986
2110.0,3.4463037781419947
2112.0,1.1111111110000083
2115.0,2.8888888889999884
2117.0,2.9999999999053184
2119.0,2.1111111110000107
2122.0,2.5555555559999825
2123.0,3.5549508412668707
2124.0,1.8888888889999895
2125.0,1.2222222220000079
2128.0,2.4444444440000157
2129.0,2.7777777779879425
2131.0,4.125555555453329
2132.0,2.2222222220000165
2133.0,2.5555555559999825
2137.0,2.5555555559999825
2138.0,3.6678644605350814
2143.0,2.1111111110000107
2144.0,1.2222222220000079
2148.0,2.6666666669490153
2150.0,2.2222222220000165
2151.0,2.0
2154.0,2.0
2162.0,3.2217665518502048
2163.0,2.7777777779879425
2165.0,1.2222222220000079
2167.0,2.777777777988066
2169.0,2.4444444440000157
2170.0,2.1111111110000107
2171.0,2.999999999903702
2179.0,2.5555555559999825
2181.0,1.777777777999986
2182.0,2.7777777779881347
2183.0,1.6666666670000045
2188.0,2.2222222220000165
2189.0,2.7777777779880393
2191.0,1.777777777999986
2192.0,4.112962962863329
2197.0,2.1111111110000107
2198.0,2.4444444440000157
2200.0,3.556145946582933
2201.0,2.999999999900936
2202.0,2.999999999900433
2203.0,2.3333333330000077
2206.0,2.9999810065541923
2207.0,1.1111111110000083
2208.0,1.3333333329999983
2209.0,1.5555555560000014
2211.0,1.5555555560000014
2217.0,1.777777777999986
2219.0,2.1111111110000107
2222.0,1.777777777999986
2223.0,1.5555555560000014
2224.0,2.9999604304194514
2225.0,2.1111111110000107
2226.0,1.5555555560000014
2227.0,2.0
2232.0,1.4444444439999986
2236.0,2.666666666945711
2237.0,1.3333333329999983
2239.0,2.1111111110000107
2240.0,2.4444444440000157
2241.0,2.9999604304110834
2244.0,3.558378921588498
2246.0,1.3333333329999983
2247.0,2.4444444440000157
2250.0,2.4444444440000157
2251.0,1.3333333329999983
2253.0,2.333261304142815
2254.0,2.6666666669425845
2255.0,2.9999999999029754
2256.0,1.777777777999986
2258.0,3.787407407623313
2259.0,1.8888888889999895
2263.0,2.999999999907432
2265.0,2.4444444440000157
2267.0,2.9999999999042655
2270.0,3.5572713091682604
2272.0,2.4444444440000157
2274.0,1.4444444439999986
2276.0,1.8888888889999895
2278.0,1.8888888889999895
2286.0,2.6666666669439727
2287.0,1.4444444439999986
2288.0,1.6666666670000045
2290.0,1.777777777999986
2292.0,4.180925925758347
2294.0,2.5555555559999825
2299.0,2.3333333330000077
2304.0,2.0
2305.0,2.4444444440000157
2308.0,2.3333333330000077
2312.0,2.777777777988066
2313.0,2.3333333330000077
2318.0,1.2222222220000079
2320.0,3.7814814816999798
2321.0,2.1111111110000107
2323.0,1.777777777999986
2328.0,2.666708291372819
2330.0,1.6666666670000045
2332.0,2.5555555559999825
2333.0,2.3333333330000077
2335.0,2.4444444440000157
2338.0,1.0
2339.0,1.0
2341.0,2.0
2342.0,2.3333333330000077
2344.0,2.2222222220000165
2346.0,2.2222222220000165
2349.0,2.5555555559999825
2351.0,2.9999810065527397
2352.0,2.1111111110000107
2353.0,2.7777777779880393
2354.0,1.8888888889999895
2358.0,3.78444444465998
2361.0,2.4444444440000157
2362.0,1.777777777999986
2363.0,1.5555555560000014
2366.0,2.9999999999051443
2367.0,2.3333333330000077
2368.0,1.6666666670000045
2370.0,2.2222222220000165
2380.0,1.2222222220000079
2382.0,3.110755360517174
2383.0,2.5555555559999825
2384.0,2.5555555559999825
2385.0,2.5555555559999825
2386.0,3.6671237197950814
2390.0,2.4444444440000157
2392.0,1.777777777999986
2393.0,2.3333333330000077
2398.0,1.1111111110000083
2399.0,2.4444444440000157
2400.0,2.5555555559999825
2401.0,1.4444444439999986
2402.0,3.000060059961562
2403.0,4.334814814593335
2405.0,1.3333333329999981
2406.0,1.4444444439999986
2407.0,2.3333333330000077
2408.0,2.5555555559999825
2411.0,2.6666805417484136
2412.0,1.4444444439999986
2414.0,3.671012608680083
2417.0,2.5555555559999825
2418.0,2.4444444440000157
2419.0,1.777777777999986
2421.0,1.8888888889999895
2423.0,1.8888888889999895
2427.0,1.4444444439999986
2429.0,3.110974658758562
2434.0,2.6666666669452064
2437.0,2.3333408380887644
2439.0,3.111244778504829
2441.0,2.5555555559999825
2442.0,2.3333333330000077
2443.0,1.5555555560000014
2444.0,2.8888888889999884
2445.0,1.8888888889999895
2446.0,3.1109551655812115
2447.0,3.111018518408866
2448.0,2.1111111110000107
2449.0,1.5555555560000014
2454.0,2.666666666931278
2455.0,1.6666666670000045
2458.0,2.1111111110000107
2460.0,2.5555555559999825
2463.0,2.4444444440000157
2466.0,3.110994151935912
2467.0,1.8888888889999895
2470.0,2.999999999899565
2472.0,1.6666666670000045
2474.0,2.2222222220000165
2479.0,2.1111111110000107
2482.0,2.2222222220000165
2484.0,3.111197437929771
2485.0,1.8888888889999895
2486.0,2.3333333330000077
2490.0,2.4444444440000157
2491.0,2.8888888889999884
2492.0,2.3333333330000077
2493.0,3.2225112915571645
2495.0,2.3333333330000077
2497.0,2.3332537990540585
2499.0,1.6666666670000045
2500.0,3.1109941519359117
2504.0,2.1111111110000107
2505.0,2.0
2507.0,2.3332537990540585
2509.0,1.2222222220000079
2510.0,2.5555555559999825
2512.0,1.6666666670000045
2513.0,1.1111111110000083
2517.0,2.4444444440000157
2518.0,2.4444444440000157
2521.0,1.8888888889999895
2522.0,3.4445286191188944
2527.0,2.4444444440000157
2530.0,2.3333333330000077
2531.0,3.0001201200188006
2536.0,1.5555555560000014
2537.0,2.1111111110000107
2538.0,2.5555555559999825
2539.0,1.5555555560000014
2541.0,2.4444444440000157
2543.0,3.4453834638710457
2545.0,2.7777777779879425
2546.0,3.111111111000012
2553.0,2.0
2558.0,2.3333333330000077
2560.0,3.111622806917178
2562.0,2.666666666932606
2563.0,1.2222222220000079
2564.0,1.8888888889999895
2566.0,2.666666666938106
2567.0,2.777777777988183
2571.0,2.333408383887572
2572.0,1.1111111110000083
2575.0,2.7777777779880393
2576.0,1.4444444439999986
2578.0,3.110765107103316
2580.0,1.8888888889999895
2581.0,1.4444444439999986
2582.0,1.2222222220000079
2583.0,2.4444444440000157
2584.0,3.2223630969952923
2587.0,2.3333333330000077
2590.0,1.2222222220000079
2592.0,1.0
2593.0,1.3333333329999983
2596.0,2.8888888889999884
2602.0,2.5555555559999825
2604.0,3.223746389102996
2606.0,1.5555555560000014
2607.0,1.4444444439999986
2608.0,2.5555555559999825
2612.0,2.0
2614.0,2.4444444440000157
2615.0,2.4444444440000157
2616.0,2.3333333330000077
2618.0,1.6666666670000045
2621.0,1.0
2622.0,2.3333333330000077
2623.0,3.0000600599560503
2624.0,1.2222222220000079
2625.0,4.526296296433339
2628.0,2.8888888889999884
2630.0,2.8888888889999884
2631.0,2.666708291369495
2632.0,1.2222222220000079
2636.0,2.3333333330000077
2637.0,1.5555555560000014
2638.0,1.4444444439999986
2639.0,2.4444444440000157
2643.0,2.7777777779881627
2645.0,2.777777777988066
2646.0,1.4444444439999986
2647.0,1.777777777999986
2648.0,2.2222222220000165
2649.0,2.3333333330000077
2653.0,2.0
2655.0,1.1111111110000083
2657.0,1.777777777999986
2659.0,2.666666666931665
2661.0,1.4444444439999986
2662.0,1.6666666670000045
2668.0,1.1111111110000083
2669.0,1.3333333329999983
2672.0,2.3333333330000077
2673.0,2.4444444440000157
2676.0,2.8888888889999884
2678.0,2.5555555559999825
2679.0,2.666666666931504
2681.0,1.6666666670000045
2682.0,2.666666666943783
2683.0,3.3323389065362488
2686.0,2.5555555559999825
2688.0,3.110929406742475
2692.0,2.7777777779880393
2693.0,1.4444444439999986
2694.0,2.3333333330000077
2697.0,3.1111779447524204
2699.0,2.6666666669366377
2700.0,2.666666666934932
2703.0,1.6666666670000045
2704.0,3.1110721246453115
2706.0,1.777777777999986
2707.0,2.2222222220000165
2708.0,2.4444444440000157
2709.0,1.1111111110000083
2712.0,2.999999999899904
2716.0,3.444816684976598
2717.0,1.4444444439999986
2718.0,3.110344611421975
2721.0,2.2222222220000165
2722.0,2.9997135721393255
2724.0,1.5555555560000014
2726.0,2.4444444440000157
2729.0,1.4444444439999986
2730.0,2.1111111110000107
2732.0,1.8888888889999895
2738.0,1.777777777999986
2739.0,2.4444444440000157
2740.0,2.3333333330000077
2744.0,2.0
2747.0,1.2222222220000079
2749.0,2.666666666933882
2750.0,2.0
2752.0,2.2222222220000165
2756.0,2.1111111110000107
2757.0,2.4444444440000157
2760.0,3.1109913671992797
2765.0,2.4444444440000157
2768.0,1.3333333329999983
2769.0,2.5555555559999825
2770.0,1.8888888889999895
2777.0,2.3333333330000077
2778.0,1.2222222220000079
2779.0,1.4444444439999986
2780.0,2.4444444440000157
2785.0,2.8888888889999884
2787.0,3.110439720989264
2790.0,1.1111111110000083
2793.0,2.4444444440000157
2794.0,2.8888888889999884
2795.0,2.6666805417514157
2798.0,2.2222222220000165
2802.0,1.6666666670000045
2803.0,1.8888888889999895
2804.0,3.222540623414086
2807.0,2.7777777779880393
2808.0,2.3333333330000077
2809.0,3.0001201200136323
2811.0,2.8888888889999884
2813.0,1.5555555560000014
2815.0,1.777777777999986
2816.0,2.2222222220000165
2817.0,4.096666666579996
2818.0,3.2223027372993616
2819.0,2.7777777779880393
2822.0,1.2222222220000079
2825.0,2.1111111110000107
2826.0,2.8888888889999884
2827.0,1.777777777999986
2828.0,3.6670370373699877
2831.0,1.777777777999986
2833.0,2.4444444440000157
2834.0,2.4444444440000157
2837.0,1.8888888889999895
2841.0,2.0
2843.0,2.1111111110000107
2848.0,1.3333333329999983
2855.0,2.3333333330000077
2856.0,2.5555555559999825
2857.0,1.4444444439999986
2858.0,2.6666666669430863
2860.0,2.7777777779880393
2861.0,2.3333408380887644
2862.0,2.7777777779882284
2863.0,2.4444444440000157
2865.0,1.777777777999986
2866.0,3.334398898201653
2868.0,2.3333333330000077
2869.0,3.2218507269328467
2872.0,2.3333333330000077
2873.0,2.6666666669474934
2874.0,2.8888888889999884
2875.0,1.2222222220000079
2876.0,2.0
2877.0,2.666666666944826
2881.0,2.7777777779881943
2882.0,3.222050212051438
2884.0,1.6666666670000045
2885.0,1.4444444439999986
2887.0,2.4444444440000157
2888.0,2.777777777988129
2889.0,2.5555555559999825
2894.0,2.5555555559999825
2896.0,2.8888888889999884
2901.0,2.4444444440000157
2902.0,1.8888888889999895
2903.0,1.6666666670000045
2905.0,2.999938185956243
2906.0,2.4444444440000157
2908.0,2.9999794237719164
2910.0,1.2222222220000079
2912.0,1.8888888889999895
2914.0,2.7777777779881374
2918.0,1.777777777999986
2919.0,2.2222222220000165
2925.0,2.777777777988321
2926.0,1.5555555560000014
2927.0,2.4444444440000157
